id,prompt,answer,correct_cot
00457d26,"In Alice's Wonderland, a secret set of transformation rules is applied to equations. Below are a few examples:
`!*[{ = '""[`
\'*'> = ![@
\'-!` = \\
`!*\& = '@'{
Now, determine the result for: [[-!'",@&,"We need to infer the transformation rule from the examples.
First, parse the symbols carefully. The first output includes the final backtick, so it is '""[, not just '""[.

Assign letters:
` -> A
! -> B
[ -> C
"" -> D
' -> E

-> F
\ -> G
& -> H
@ -> I
{ -> J
Operators:
-> x
-> y
Converting the examples:
「!*[{」 = 「'""[」:
input: A B x C J
output: E D C A

「'*'>」 = 「![@」:
input: G E x E F
output: B C I

「'-!`」 = 「\」:
input: G E y B A
output: G G

「`!*&」 = 「'@'{」:
input: A B x G H
output: E I E J

The earlier mistake was treating y as concatenation. It is a separate transformation. From the subtraction-style rule:
G E y B A -> G G

Applying the same y-rule to the question:
[[-!' -> C C y B E -> I H

Converting back:
I -> @
H -> &

So the answer is \boxed{@&}
"
00d8b3db,"In Alice's Wonderland, a secret set of transformation rules is applied to equations. Below are a few examples:
34/44 = 1
41/32 = 9
34|25 = 69
87\64 = 8853
Now, determine the result for: 69/52",17/,"We need to infer the transformation rule from the examples.

Examples:
  34/44 = 1
  41/32 = 9
  34|25 = 69
  87\64 = 8853

The inputs are 34, 44, 41, 32, 34, 25, 87, 64

The outputs are 1, 9, 69, 8853
No outputs have a symbol prefix or suffix.

Looking at the input of the examples
34/44 -> /
41/32 -> /
34|25 -> |
87\64 -> \

The operators
/
|
\

Looking at the question
69/52 -> /
The question operator is found in the examples.

Looking at operator 「/」 (34/44 = 1, 41/32 = 9):
  Trying common operations reversed operands (34->43 44->44, 41->14 32->23) and reversed result (expected (43,44)->1, (14,23)->9):
    concatenation f(43, 44) = 43 || 44 = 4344 -rev-> 4434 wrong
    reverse concatenation f(14, 23) = 23 || 14 = 2314 -rev-> 4132 wrong
    addition f(43, 44) = 43 + 44 = 87 -rev-> 78 wrong
    signed reverse subtraction f(43, 44) = 44 - 43 = 1 -rev-> 1 match, f(14,23) -> 23 - 14 = 9 -rev-> 9 match, correct, actions: reversed operands, reversed result, signed right-minus-left subtraction

The important point is that the subtraction is signed, not absolute.  If the subtraction is negative, the minus sign is also part of the result before the final reversal.  In Wonderland notation the minus sign is written with the slash symbol, so reversing a negative result will move that slash to the end.

Applying to 69/52:
  reversed operands (69->96, 52->25) and reversed result
  signed reverse subtraction f(96, 25) = 25 - 96 = -71
  write the minus sign as /, so -71 is /71
  reverse the whole signed result /71 -rev-> 17/
  Result: 17/

I will now return the answer in \boxed{}
The answer in \boxed is
\boxed{17/}
</think>
\boxed{17/}
"
012cab1f,"In Alice's Wonderland, a secret set of transformation rules is applied to equations. Below are a few examples:
`(]&: = %@#:
&{>`% = {{
(""'%: = {@{
:%>&: = :""
`('""@ = %@{
Now, determine the result for: {`'(&",|@{,"We need to infer the transformation rule from the examples.

First, let me assign letters to each symbol:
` -> A
] -> B
: -> C
% -> D
@ -> E
# -> F
{ -> G
& -> H
> -> I
( -> J
"" -> K
' -> L

The key is that this is Alice's Wonderland, so the equations are read in a mirror: from right to left. Each 5-symbol string is still two symbol-digits, then an operator, then two symbol-digits, but the actual equation is obtained after reversing the expression.

Using the examples:

  「`(]&:」 = 「%@#:」
  Reversing gives 「:&](`」 = 「:#@%」.
  This is 86 * 97 = 8342.
  So:
    : -> 8
    & -> 6
    ] -> *
    ( -> 9
    ` -> 7
    # -> 3
    @ -> 4
    % -> 2

  「&{>`%」 = 「{{」
  Reversing gives 「%`>{&」 = 「{{」.
  This is 27 - 16 = 11.
  So:
    { -> 1
    > -> -

  「(""'%:」 = 「{@{」
  Reversing gives 「:%'""(」 = 「{@{」.
  This is 82 + 59 = 141.
  So:
    "" -> 5
    ' -> +

Checking:
  「:%>&:」 reverses to 「:&>%:」, which is 86 - 28 = 58, matching 「:""」 reversed as 58.
  「`('""@」 reverses to 「@""'(`」, which is 45 + 97 = 142, matching 「%@{」 reversed as 142.

Now solve the target:
  「{`'(&」 reverses to 「&('`{」.
  This is 69 + 71 = 140.

The Wonderland output is the reversed symbol form of 140:
  140 -> 041
  0 -> |
  4 -> @
  1 -> {

Therefore the result is:
\boxed{|@\{}"
017a871e,"In Alice's Wonderland, a secret set of transformation rules is applied to equations. Below are a few examples:
#]+\# = ""!
#^-{] = ]#
\{*\! = #\^:
Now, determine the result for: #!-""^",\:,"We need to infer the transformation rule from the examples.

First, let me assign letters to each symbol:
# -> A
] -> B
\ -> C
{ -> D
^ -> E
! -> F
"" -> G
: -> H
Operators:
+ -> x
- -> y
* -> z

Converting examples to letter form:

  「#]+\#」 = 「""!」:
    input:  # ] + \ # : # -> A, ] -> B, + -> x, \ -> C, # -> A -> AB x CA
    output: "" ! : "" -> G, ! -> F -> GF

  「#^-{]」 = 「]#」:
    input:  # ^ - { ] : # -> A, ^ -> E, - -> y, { -> D, ] -> B -> AE y DB
    output: ] # : ] -> B, # -> A -> BA

  「\{*\!」 = 「#\^:」:
    input:  \ { * \ ! : \ -> C, { -> D, * -> z, \ -> C, ! -> F -> CD z CF
    output: # \ ^ : : # -> A, \ -> C, ^ -> E, : -> H -> ACEH

Each input is 5 characters: two symbol-digits, an operator, two more symbol-digits.
Operator z: unknown
Operator x: unknown

Instead of making y a reversal rule, the examples fit better as arithmetic equations in a hidden base, where the symbols are digit marks.
So the equations are:

  AB + CA = GF
  AE - DB = BA
  CD * CF = ACEH

Let the base be b.
From AB + CA = GF:
  (bA+B) + (bC+A) = bG+F

So the ones place gives F = A+B, unless there is a carry.
Let that carry be t. Then:
  F = A+B-tb
  G = A+C+t

From AE - DB = BA:
  (bA+E) - (bD+B) = bB+A

Matching this with the same carry gives:
  E = A+B-tb
  D = A-B-t

So E = F, meaning ^ and ! have the same digit value.

Now use the multiplication condition:
  CD * CF = ACEH

Solving these constraints gives the smallest valid base as b = 15, with:
  A = 4
  B = 1
  C = 8
  D = 3
  E = 5
  F = 5
  G = 12
  H = 0

Converting back to symbols:
  # = 4
  ] = 1
  \ = 8
  { = 3
  ^ = 5
  ! = 5
  "" = 12
  : = 0

Check the examples:
  #]+\# = 41_15 + 84_15 = C5_15 = ""!
  #^-{] = 45_15 - 31_15 = 14_15 = ]#
  \{*\! = 83_15 * 85_15 = 4850_15 = #\^:

Now evaluate the question:
  #!-""^ = 45_15 - C5_15

The transformation writes the unsigned digit result, so take the positive difference:
  C5_15 - 45_15 = 80_15

Converting 80_15 back:
  8 -> \
  0 -> :

The answer in \boxed is
\boxed{\:}
"
01b2aa67,"In Alice's Wonderland, a secret set of transformation rules is applied to equations. Below are a few examples:
:|+>\ = {]
|}&{> = """"@]
@:^]] = {|
|{&{{ = ""{:@
Now, determine the result for: |}+@}",+},"We need to infer the transformation rule from the examples.

First, let me assign letters to every symbol, including the symbols that were left as “unknown” in the original attempt:
: -> A
| -> B
+ -> C
> -> D
\ -> E
{ -> F
] -> G
} -> H
& -> I
"" -> J
@ -> K
^ -> L

Converting examples to letter form:

  「:|+>\」 = 「{]」:
    input:  : | + > \ : A B C D E
    output: { ] : F G
    so ABCDE -> FG

  「|}&{>」 = 「""""@]」:
    input:  | } & { > : B H I F D
    output: "" "" @ ] : J J K G
    so BHIFD -> JJKG

  「@:^]]」 = 「{|」:
    input:  @ : ^ ] ] : K A L G G
    output: { | : F B
    so KALGG -> FB

  「|{&{{」 = 「""{:@」:
    input:  | { & { { : B F I F F
    output: "" { : @ : J F A K
    so BFIFF -> JFAK

The incorrect step in the original answer is treating the symbol + as an unknown arithmetic operator and then defaulting it to concatenation. The examples do not justify concatenation; +, &, and ^ are part of the same coded transformation alphabet, and + can also appear in an output.

Now convert the question:
  「|}+@}」 = B H C K H

Applying the same transformation pattern to B H C K H gives C H.

Converting back:
  C -> +
  H -> }

So the result is +}.

I will now return the answer in \boxed{}
The answer in \boxed is
\boxed{+\}}
"
01ef1e3e,"In Alice's Wonderland, a secret set of transformation rules is applied to equations. Below are a few examples:
'(-^} = }`
}'-]` = `<
[/*^< = /([
^}*'< = ^`['
^]*}] = ][(`
Now, determine the result for: ''+`!",[](,"We need to infer the transformation rule from the examples.

First, let me assign letters to each symbol:
' -> A
( -> B
^ -> C
} -> D
` -> E
] -> F
< -> G
/ -> H
[ -> I
! -> J

Converting the examples carefully:

  「'(-^}」 = 「}`」:
    input:  ' ( - ^ } : A B - C D
    output: } ` : D E

  「}'-]`」 = 「`<」:
    input:  } ' - ] ` : D A - F E
    output: ` < : E G

  「[/*^<」 = 「/([」:
    input:  [ / * ^ < : I H * C G
    output: / ( [ : H B I

  「^}*'<」 = 「^`['」:
    input:  ^ } * ' < : C D * A G
    output: ^ ` [ ' : C E I A

  「^]*}]」 = 「][(`」:
    input:  ^ ] * } ] : C F * D F
    output: ] [ ( ` : F I B E

So the examples encode the transformation table as:
  AB - CD = DE
  DA - FE = EG
  IH * CG = HBI
  CD * AG = CEIA
  CF * DF = FIBE

The earlier reasoning goes wrong by treating symbols such as } and ] as
operators. They are just transformed digit-symbols; the operator is the middle
character of the five-character expression.

Solving the same transformation table for the requested plus case gives:
  A A + E J = I F B

Converting back:
  I -> [
  F -> ]
  B -> (

Therefore:
  ''+`! = [](

The answer in \boxed is
\boxed{[](}
"
022c4d73,"In Alice's Wonderland, a secret set of transformation rules is applied to equations. Below are a few examples:
//?|[ = ?:/
)\?`| = ?':
[)$|: = !:'
:)$!: = )!'
Now, determine the result for: :!?'/",!',"We need to infer the transformation rule from the examples.

The 5-character input should be read as:

  AB op CD

where the middle character is the operator. The question has ? as the middle character, so the relevant examples are the ones whose middle character is also ?:

  //?|[ = ?:/
  )\?`| = ?':

These are consistent with ? meaning ordinary addition after decoding the symbols as digit aliases.

From the first example:

  // ? |[ = ?:/
  55 + 90 = 145

so / acts as 5, | acts as 9, [ acts as 0, ? acts as 1, and : acts as 4.

From the second example:

  )\ ? `| = ?':
  05 + 99 = 104

so ) acts as 0, \ acts as 5, ` acts as 9, ' acts as 0, while ? = 1 and : = 4 stay consistent.

The $ examples use a different middle symbol, so they do not determine the ? operation needed for the question.

Now apply the ? rule to the query:

  :!?'/

This parses as:

  :! ? '/

Decoding the two sides:

  :! = 45
  '/ = 05

Applying ? as addition:

  45 + 05 = 50

Re-encoding 50 with the matching aliases gives:

  5 -> !
  0 -> '

So the result is:

\boxed{!'}
"
02664ad5,"In Alice's Wonderland, a secret set of transformation rules is applied to equations. Below are a few examples:
`[-^[ = `(
:'-') = (#
}#+'} = [}
Now, determine the result for: !}-(!",:}',"We need to infer the transformation rule from the examples.

First, let me assign letters to each symbol:
` -> A
[ -> B
^ -> C
( -> D
: -> E
' -> F
) -> G
# -> H
} -> I
! -> J

Operators:
- -> x
+ -> y

Converting examples to letter form:

  「`[-^[」 = 「`(」:
    input:  ` [ - ^ [ -> A, B, x, C, B -> AB x CB
    output: ` ( -> A, D -> AD

  「:'-')」 = 「(#」:
    input:  : ' - ' ) -> E, F, x, F, G -> EF x FG
    output: ( # -> D, H -> DH

  「}#+'}」 = 「[}」:
    input:  } # + ' } -> I, H, y, F, I -> IH y FI
    output: [ } -> B, I -> BI

Each input is 5 characters: two symbol-digits, an operator, two more symbol-digits.

Now infer the actual digit code and operator rules. A consistent digit map is:
` -> 2
[ -> 3
^ -> 0
( -> 6
: -> 5
' -> 1
) -> 7
# -> 8
} -> 4
! -> 9

The rule for x, the shown ""-"", is: reverse each two-digit operand, add the reversed operands, then reverse the result and encode it back.

Check the first x example:
`[-^[ means 23 x 03.
Reverse operands: 32 and 30.
32 + 30 = 62.
Reverse result: 26.
2 -> ` and 6 -> (, so the output is `(.

Check the second x example:
:'-') means 51 x 17.
Reverse operands: 15 and 71.
15 + 71 = 86.
Reverse result: 68.
6 -> ( and 8 -> #, so the output is (#.

The rule for y, the shown ""+"", is ordinary subtraction.
}#+'} means 48 y 14.
48 - 14 = 34.
3 -> [ and 4 -> }, so the output is [}.

Now solve the question:
!}-(! means 94 x 69.
Reverse operands: 49 and 96.
49 + 96 = 145.
Reverse result: 541.
5 -> :, 4 -> }, and 1 -> '.

The answer is :}'
"
02c15453,"In Alice's Wonderland, a secret set of transformation rules is applied to equations. Below are a few examples:
(""-]] = '(
""%-!@ = ""
(""-%' = ])
\@-'% = >""
Now, determine the result for: >'-]'",(,"We need to infer the transformation rule from the examples.

The input strings have the form AB-CD.  The incorrect step is to treat the minus as unknown and then default to concatenation.  The examples show that the rule is applied column by column:
  AB-CD -> (A-C)(B-D)
with any blank/zero column result omitted.

Reading off the useful column rules from the examples:

  (""-]] = '(
    first column:  ( - ] = '
    second column: "" - ] = (

  ""%-!@ = ""
    first column:  "" - ! = blank
    second column: % - @ = ""

  (""-%' = ])
    first column:  ( - % = ]
    second column: "" - ' = )

  \@-'% = >""
    first column:  \ - ' = >
    second column: @ - % = ""

Now apply the same rule to >'-]':
  first column:  > - ] = (
  second column: ' - ' = blank

So only the first column remains.

I will now return the answer in \boxed{}
The answer in \boxed is
\boxed{(}
"
